{"loss": 0.3415880799293518, "accuracy": 0.8758999705314636}