epoch,accuracy
1,0.7788333296775818
2,0.8588333129882812
