epoch,loss
1,0.6246796250343323
2,0.4018944203853607
